Source,Destination,Item name,Extension,Item size,Content type,Status,Result category,Message,Error code,Source item ID,Destination item ID,Package number,Migration job ID,Incremental round,Task ID,Device name
\\DEMO-SRV01\FileServer\03_Finance\Budget;version2.txt,https://m365x71797824.sharepoint.com/sites/MigrationFileServer/Finance/Budget;version2.txt,Budget;version2.txt,txt,14,Document,Migrated,MIGRATED,,,SRC-30008950,5a79b902-ef30-7307-ae1f-39d7f53660b9,1,25897dfa-8472-a7bb-532b-51fc0db5a939,1,9531985d-5d9d-c9f8-1818-e811892f902b,DEMO-SRV01
\\DEMO-SRV01\FileServer\03_Finance\Budgets\2022\Budget_previsionnel_2022.xlsx,https://m365x71797824.sharepoint.com/sites/MigrationFileServer/Finance/Budgets/2022/Budget_previsionnel_2022.xlsx,Budget_previsionnel_2022.xlsx,xlsx,5091,Document,Migrated,MIGRATED,,,SRC-72984293,a9c22075-6c11-1d32-ded8-ddd23fd11af5,1,25897dfa-8472-a7bb-532b-51fc0db5a939,1,9531985d-5d9d-c9f8-1818-e811892f902b,DEMO-SRV01
\\DEMO-SRV01\FileServer\03_Finance\Budgets\2023\Budget_previsionnel_2023.xlsx,https://m365x71797824.sharepoint.com/sites/MigrationFileServer/Finance/Budgets/2023/Budget_previsionnel_2023.xlsx,Budget_previsionnel_2023.xlsx,xlsx,5088,Document,Migrated,MIGRATED,,,SRC-99042224,1be917e5-5d4b-69e0-02f5-3c3ba1f7f5d6,1,25897dfa-8472-a7bb-532b-51fc0db5a939,1,9531985d-5d9d-c9f8-1818-e811892f902b,DEMO-SRV01
\\DEMO-SRV01\FileServer\03_Finance\Budgets\2024\Budget_previsionnel_2024.xlsx,https://m365x71797824.sharepoint.com/sites/MigrationFileServer/Finance/Budgets/2024/Budget_previsionnel_2024.xlsx,Budget_previsionnel_2024.xlsx,xlsx,5093,Document,Migrated,MIGRATED,,,SRC-91012851,53089e3f-11bb-4cbe-2fff-b94b87e26636,1,25897dfa-8472-a7bb-532b-51fc0db5a939,1,9531985d-5d9d-c9f8-1818-e811892f902b,DEMO-SRV01
\\DEMO-SRV01\FileServer\03_Finance\Budgets\2025\Budget_previsionnel_2025.xlsx,https://m365x71797824.sharepoint.com/sites/MigrationFileServer/Finance/Budgets/2025/Budget_previsionnel_2025.xlsx,Budget_previsionnel_2025.xlsx,xlsx,5092,Document,Migrated,MIGRATED,,,SRC-9732822,ab4cc89d-8138-e966-3366-a3116edbbe94,1,25897dfa-8472-a7bb-532b-51fc0db5a939,1,9531985d-5d9d-c9f8-1818-e811892f902b,DEMO-SRV01
\\DEMO-SRV01\FileServer\03_Finance\Budgets\2026\Budget_previsionnel_2026.xlsx,https://m365x71797824.sharepoint.com/sites/MigrationFileServer/Finance/Budgets/2026/Budget_previsionnel_2026.xlsx,Budget_previsionnel_2026.xlsx,xlsx,5088,Document,Migrated,MIGRATED,,,SRC-68324637,6bb4d3fd-23b0-2845-39b8-f4a70554fad0,1,25897dfa-8472-a7bb-532b-51fc0db5a939,1,9531985d-5d9d-c9f8-1818-e811892f902b,DEMO-SRV01
\\DEMO-SRV01\FileServer\03_Finance\Budgets\2026\~WRL0003.tmp,,~WRL0003.tmp,tmp,1048576,Document,Skipped,FILTERED OUT,The item was filtered out by the task settings: file extension,,SRC-30700748,,1,25897dfa-8472-a7bb-532b-51fc0db5a939,1,9531985d-5d9d-c9f8-1818-e811892f902b,DEMO-SRV01
\\DEMO-SRV01\FileServer\03_Finance\Comptabilite\Grand_livre_2022.xlsx,https://m365x71797824.sharepoint.com/sites/MigrationFileServer/Finance/Comptabilite/Grand_livre_2022.xlsx,Grand_livre_2022.xlsx,xlsx,17650,Document,Migrated,MIGRATED,,,SRC-91027900,ff5c859d-c6cd-eb4d-65a5-2d10f83e0220,1,25897dfa-8472-a7bb-532b-51fc0db5a939,1,9531985d-5d9d-c9f8-1818-e811892f902b,DEMO-SRV01
\\DEMO-SRV01\FileServer\03_Finance\Comptabilite\Grand_livre_2023.xlsx,https://m365x71797824.sharepoint.com/sites/MigrationFileServer/Finance/Comptabilite/Grand_livre_2023.xlsx,Grand_livre_2023.xlsx,xlsx,17581,Document,Migrated,MIGRATED,,,SRC-55687537,0bf895d7-a21a-2672-7427-bc76efdaf3ff,1,25897dfa-8472-a7bb-532b-51fc0db5a939,1,9531985d-5d9d-c9f8-1818-e811892f902b,DEMO-SRV01
\\DEMO-SRV01\FileServer\03_Finance\Comptabilite\Grand_livre_2024.xlsx,https://m365x71797824.sharepoint.com/sites/MigrationFileServer/Finance/Comptabilite/Grand_livre_2024.xlsx,Grand_livre_2024.xlsx,xlsx,17554,Document,Migrated,MIGRATED,,,SRC-52111146,f929bdb1-e266-4428-faed-bed1cf2c39e4,1,25897dfa-8472-a7bb-532b-51fc0db5a939,1,9531985d-5d9d-c9f8-1818-e811892f902b,DEMO-SRV01
\\DEMO-SRV01\FileServer\03_Finance\Comptabilite\Grand_livre_2025.xlsx,https://m365x71797824.sharepoint.com/sites/MigrationFileServer/Finance/Comptabilite/Grand_livre_2025.xlsx,Grand_livre_2025.xlsx,xlsx,17634,Document,Migrated,MIGRATED,,,SRC-51908131,dd986619-08cc-b63c-0a4e-ecb2e277e9db,1,25897dfa-8472-a7bb-532b-51fc0db5a939,1,9531985d-5d9d-c9f8-1818-e811892f902b,DEMO-SRV01
\\DEMO-SRV01\FileServer\03_Finance\Comptabilite\Grand_livre_2026.xlsx,https://m365x71797824.sharepoint.com/sites/MigrationFileServer/Finance/Comptabilite/Grand_livre_2026.xlsx,Grand_livre_2026.xlsx,xlsx,17617,Document,Migrated,MIGRATED,,,SRC-90899836,eafd6a99-4409-a232-9ef5-0006a43e3769,1,25897dfa-8472-a7bb-532b-51fc0db5a939,1,9531985d-5d9d-c9f8-1818-e811892f902b,DEMO-SRV01
\\DEMO-SRV01\FileServer\03_Finance\Modele_devis - Copie.docx,https://m365x71797824.sharepoint.com/sites/MigrationFileServer/Finance/Modele_devis - Copie.docx,Modele_devis - Copie.docx,docx,36722,Document,Migrated,MIGRATED,,,SRC-1179780,a0d4f2e3-45ff-b65d-9f9b-c6d3adae2c57,1,25897dfa-8472-a7bb-532b-51fc0db5a939,1,9531985d-5d9d-c9f8-1818-e811892f902b,DEMO-SRV01
\\DEMO-SRV01\FileServer\03_Finance\Notes_de_frais\2026\01_Janvier\NDF_BOYER_1.pdf,https://m365x71797824.sharepoint.com/sites/MigrationFileServer/Finance/Notes_de_frais/2026/01_Janvier/NDF_BOYER_1.pdf,NDF_BOYER_1.pdf,pdf,1674,Document,Migrated,MIGRATED,,,SRC-49745684,0928ca2c-eca4-68e9-ce6b-a18b8ad12fc9,1,25897dfa-8472-a7bb-532b-51fc0db5a939,1,9531985d-5d9d-c9f8-1818-e811892f902b,DEMO-SRV01
\\DEMO-SRV01\FileServer\03_Finance\Notes_de_frais\2026\01_Janvier\NDF_CHEVALIER_2.pdf,https://m365x71797824.sharepoint.com/sites/MigrationFileServer/Finance/Notes_de_frais/2026/01_Janvier/NDF_CHEVALIER_2.pdf,NDF_CHEVALIER_2.pdf,pdf,1678,Document,Migrated,MIGRATED,,,SRC-41418552,1f27b474-4026-15f6-19ba-a4a49f0ac017,1,25897dfa-8472-a7bb-532b-51fc0db5a939,1,9531985d-5d9d-c9f8-1818-e811892f902b,DEMO-SRV01
\\DEMO-SRV01\FileServer\03_Finance\Notes_de_frais\2026\01_Janvier\NDF_CHEVALIER_4.pdf,https://m365x71797824.sharepoint.com/sites/MigrationFileServer/Finance/Notes_de_frais/2026/01_Janvier/NDF_CHEVALIER_4.pdf,NDF_CHEVALIER_4.pdf,pdf,1678,Document,Migrated,MIGRATED,,,SRC-86787278,3c953f5d-6f06-6429-037f-b23b8532b56c,1,25897dfa-8472-a7bb-532b-51fc0db5a939,1,9531985d-5d9d-c9f8-1818-e811892f902b,DEMO-SRV01
\\DEMO-SRV01\FileServer\03_Finance\Notes_de_frais\2026\01_Janvier\NDF_DUBOIS_3.pdf,https://m365x71797824.sharepoint.com/sites/MigrationFileServer/Finance/Notes_de_frais/2026/01_Janvier/NDF_DUBOIS_3.pdf,NDF_DUBOIS_3.pdf,pdf,1674,Document,Migrated,MIGRATED,,,SRC-2168597,1cf070c7-499b-18e5-0a17-5b0ef36bf211,1,25897dfa-8472-a7bb-532b-51fc0db5a939,1,9531985d-5d9d-c9f8-1818-e811892f902b,DEMO-SRV01
\\DEMO-SRV01\FileServer\03_Finance\Notes_de_frais\2026\02_Fevrier\NDF_BLANC_4.pdf,https://m365x71797824.sharepoint.com/sites/MigrationFileServer/Finance/Notes_de_frais/2026/02_Fevrier/NDF_BLANC_4.pdf,NDF_BLANC_4.pdf,pdf,1673,Document,Migrated,MIGRATED,,,SRC-98035784,2abf1627-a5c3-e09d-58f9-45ca4e2f76c2,1,25897dfa-8472-a7bb-532b-51fc0db5a939,1,9531985d-5d9d-c9f8-1818-e811892f902b,DEMO-SRV01
\\DEMO-SRV01\FileServer\03_Finance\Notes_de_frais\2026\02_Fevrier\NDF_DUPONT_1.pdf,https://m365x71797824.sharepoint.com/sites/MigrationFileServer/Finance/Notes_de_frais/2026/02_Fevrier/NDF_DUPONT_1.pdf,NDF_DUPONT_1.pdf,pdf,1673,Document,Migrated,MIGRATED,,,SRC-17017154,f5866403-9823-5599-0f72-65191ed14e6a,1,25897dfa-8472-a7bb-532b-51fc0db5a939,1,9531985d-5d9d-c9f8-1818-e811892f902b,DEMO-SRV01
\\DEMO-SRV01\FileServer\03_Finance\Notes_de_frais\2026\02_Fevrier\NDF_FOURNIER_2.pdf,https://m365x71797824.sharepoint.com/sites/MigrationFileServer/Finance/Notes_de_frais/2026/02_Fevrier/NDF_FOURNIER_2.pdf,NDF_FOURNIER_2.pdf,pdf,1672,Document,Migrated,MIGRATED,,,SRC-6760864,e6c38898-8387-0307-ebca-6ca9f4c1f93e,1,25897dfa-8472-a7bb-532b-51fc0db5a939,1,9531985d-5d9d-c9f8-1818-e811892f902b,DEMO-SRV01
\\DEMO-SRV01\FileServer\03_Finance\Notes_de_frais\2026\02_Fevrier\NDF_FOURNIER_3.pdf,https://m365x71797824.sharepoint.com/sites/MigrationFileServer/Finance/Notes_de_frais/2026/02_Fevrier/NDF_FOURNIER_3.pdf,NDF_FOURNIER_3.pdf,pdf,1673,Document,Migrated,MIGRATED,,,SRC-78548183,971a80e9-7767-1f6c-15a0-178344b69e2f,1,25897dfa-8472-a7bb-532b-51fc0db5a939,1,9531985d-5d9d-c9f8-1818-e811892f902b,DEMO-SRV01
\\DEMO-SRV01\FileServer\03_Finance\Notes_de_frais\2026\03_Mars\NDF_BERNARD_6.pdf,https://m365x71797824.sharepoint.com/sites/MigrationFileServer/Finance/Notes_de_frais/2026/03_Mars/NDF_BERNARD_6.pdf,NDF_BERNARD_6.pdf,pdf,1673,Document,Migrated,MIGRATED,,,SRC-62334403,70a25794-25fe-05ea-ee92-b44588a92e3c,1,25897dfa-8472-a7bb-532b-51fc0db5a939,1,9531985d-5d9d-c9f8-1818-e811892f902b,DEMO-SRV01
\\DEMO-SRV01\FileServer\03_Finance\Notes_de_frais\2026\03_Mars\NDF_DUBOIS_3.pdf,https://m365x71797824.sharepoint.com/sites/MigrationFileServer/Finance/Notes_de_frais/2026/03_Mars/NDF_DUBOIS_3.pdf,NDF_DUBOIS_3.pdf,pdf,1673,Document,Migrated,MIGRATED,,,SRC-6589565,e29bd78f-21a1-6b16-82fa-58471fb9396f,1,25897dfa-8472-a7bb-532b-51fc0db5a939,1,9531985d-5d9d-c9f8-1818-e811892f902b,DEMO-SRV01
\\DEMO-SRV01\FileServer\03_Finance\Notes_de_frais\2026\03_Mars\NDF_DUPONT_1.pdf,https://m365x71797824.sharepoint.com/sites/MigrationFileServer/Finance/Notes_de_frais/2026/03_Mars/NDF_DUPONT_1.pdf,NDF_DUPONT_1.pdf,pdf,1674,Document,Migrated,MIGRATED,,,SRC-35765892,93cce111-6813-4503-ea63-fc954b29558f,1,25897dfa-8472-a7bb-532b-51fc0db5a939,1,9531985d-5d9d-c9f8-1818-e811892f902b,DEMO-SRV01
\\DEMO-SRV01\FileServer\03_Finance\Notes_de_frais\2026\03_Mars\NDF_DUPONT_2.pdf,https://m365x71797824.sharepoint.com/sites/MigrationFileServer/Finance/Notes_de_frais/2026/03_Mars/NDF_DUPONT_2.pdf,NDF_DUPONT_2.pdf,pdf,1672,Document,Migrated,MIGRATED,,,SRC-40834292,bc65f6c0-3e4f-81fc-462c-347649ce7f4f,1,25897dfa-8472-a7bb-532b-51fc0db5a939,1,9531985d-5d9d-c9f8-1818-e811892f902b,DEMO-SRV01
\\DEMO-SRV01\FileServer\03_Finance\Notes_de_frais\2026\03_Mars\NDF_DUPONT_7.pdf,https://m365x71797824.sharepoint.com/sites/MigrationFileServer/Finance/Notes_de_frais/2026/03_Mars/NDF_DUPONT_7.pdf,NDF_DUPONT_7.pdf,pdf,1672,Document,Migrated,MIGRATED,,,SRC-94393814,4983cdd8-8bdb-460a-bd8b-16d7167d27de,1,25897dfa-8472-a7bb-532b-51fc0db5a939,1,9531985d-5d9d-c9f8-1818-e811892f902b,DEMO-SRV01
\\DEMO-SRV01\FileServer\03_Finance\Notes_de_frais\2026\03_Mars\NDF_SIMON_4.pdf,https://m365x71797824.sharepoint.com/sites/MigrationFileServer/Finance/Notes_de_frais/2026/03_Mars/NDF_SIMON_4.pdf,NDF_SIMON_4.pdf,pdf,1672,Document,Migrated,MIGRATED,,,SRC-93043552,b1e0ae35-9c25-da84-7442-9bc9d6f9ac8b,1,25897dfa-8472-a7bb-532b-51fc0db5a939,1,9531985d-5d9d-c9f8-1818-e811892f902b,DEMO-SRV01
\\DEMO-SRV01\FileServer\03_Finance\Notes_de_frais\2026\03_Mars\NDF_SIMON_5.pdf,https://m365x71797824.sharepoint.com/sites/MigrationFileServer/Finance/Notes_de_frais/2026/03_Mars/NDF_SIMON_5.pdf,NDF_SIMON_5.pdf,pdf,1672,Document,Migrated,MIGRATED,,,SRC-2728586,62fb96f0-a67d-d1a7-38bb-d46291f7442c,1,25897dfa-8472-a7bb-532b-51fc0db5a939,1,9531985d-5d9d-c9f8-1818-e811892f902b,DEMO-SRV01
\\DEMO-SRV01\FileServer\03_Finance\Notes_de_frais\2026\04_Avril\NDF_BERNARD_3.pdf,https://m365x71797824.sharepoint.com/sites/MigrationFileServer/Finance/Notes_de_frais/2026/04_Avril/NDF_BERNARD_3.pdf,NDF_BERNARD_3.pdf,pdf,1675,Document,Migrated,MIGRATED,,,SRC-22477713,5de7818b-b5da-2468-8c6f-5a9c33814f57,1,25897dfa-8472-a7bb-532b-51fc0db5a939,1,9531985d-5d9d-c9f8-1818-e811892f902b,DEMO-SRV01
\\DEMO-SRV01\FileServer\03_Finance\Notes_de_frais\2026\04_Avril\NDF_BERNARD_4.pdf,https://m365x71797824.sharepoint.com/sites/MigrationFileServer/Finance/Notes_de_frais/2026/04_Avril/NDF_BERNARD_4.pdf,NDF_BERNARD_4.pdf,pdf,1674,Document,Migrated,MIGRATED,,,SRC-51434986,4dbf5d84-8c4b-ad76-e44d-9ef075fc74c4,1,25897dfa-8472-a7bb-532b-51fc0db5a939,1,9531985d-5d9d-c9f8-1818-e811892f902b,DEMO-SRV01
\\DEMO-SRV01\FileServer\03_Finance\Notes_de_frais\2026\04_Avril\NDF_BLANC_1.pdf,https://m365x71797824.sharepoint.com/sites/MigrationFileServer/Finance/Notes_de_frais/2026/04_Avril/NDF_BLANC_1.pdf,NDF_BLANC_1.pdf,pdf,1673,Document,Migrated,MIGRATED,,,SRC-54183365,d19e2a95-780e-2104-7a54-c2e39ce070a2,1,25897dfa-8472-a7bb-532b-51fc0db5a939,1,9531985d-5d9d-c9f8-1818-e811892f902b,DEMO-SRV01
\\DEMO-SRV01\FileServer\03_Finance\Notes_de_frais\2026\04_Avril\NDF_BLANC_2.pdf,https://m365x71797824.sharepoint.com/sites/MigrationFileServer/Finance/Notes_de_frais/2026/04_Avril/NDF_BLANC_2.pdf,NDF_BLANC_2.pdf,pdf,1673,Document,Migrated,MIGRATED,,,SRC-85828737,556b29dd-3e04-6328-07ed-25f34f7d39da,1,25897dfa-8472-a7bb-532b-51fc0db5a939,1,9531985d-5d9d-c9f8-1818-e811892f902b,DEMO-SRV01
\\DEMO-SRV01\FileServer\03_Finance\Notes_de_frais\2026\04_Avril\NDF_ROUX_5.pdf,https://m365x71797824.sharepoint.com/sites/MigrationFileServer/Finance/Notes_de_frais/2026/04_Avril/NDF_ROUX_5.pdf,NDF_ROUX_5.pdf,pdf,1674,Document,Migrated,MIGRATED,,,SRC-98871358,8bc11ff7-832f-e3f2-3055-76f338b98187,1,25897dfa-8472-a7bb-532b-51fc0db5a939,1,9531985d-5d9d-c9f8-1818-e811892f902b,DEMO-SRV01
\\DEMO-SRV01\FileServer\03_Finance\Notes_de_frais\2026\05_Mai\NDF_ANDRÉ_4.pdf,https://m365x71797824.sharepoint.com/sites/MigrationFileServer/Finance/Notes_de_frais/2026/05_Mai/NDF_ANDRÉ_4.pdf,NDF_ANDRÉ_4.pdf,pdf,1677,Document,Migrated,MIGRATED,,,SRC-54381808,657e08bc-95ef-5783-f838-15f5621789c9,1,25897dfa-8472-a7bb-532b-51fc0db5a939,1,9531985d-5d9d-c9f8-1818-e811892f902b,DEMO-SRV01
\\DEMO-SRV01\FileServer\03_Finance\Notes_de_frais\2026\05_Mai\NDF_BLANC_5.pdf,https://m365x71797824.sharepoint.com/sites/MigrationFileServer/Finance/Notes_de_frais/2026/05_Mai/NDF_BLANC_5.pdf,NDF_BLANC_5.pdf,pdf,1674,Document,Migrated,MIGRATED,,,SRC-83379273,298c21ba-5a47-75f8-ec97-d7e1030a7221,1,25897dfa-8472-a7bb-532b-51fc0db5a939,1,9531985d-5d9d-c9f8-1818-e811892f902b,DEMO-SRV01
\\DEMO-SRV01\FileServer\03_Finance\Notes_de_frais\2026\05_Mai\NDF_BOYER_3.pdf,https://m365x71797824.sharepoint.com/sites/MigrationFileServer/Finance/Notes_de_frais/2026/05_Mai/NDF_BOYER_3.pdf,NDF_BOYER_3.pdf,pdf,1673,Document,Migrated,MIGRATED,,,SRC-45146055,52ee8d44-3d11-0dbb-f3bb-6654dca332df,1,25897dfa-8472-a7bb-532b-51fc0db5a939,1,9531985d-5d9d-c9f8-1818-e811892f902b,DEMO-SRV01
\\DEMO-SRV01\FileServer\03_Finance\Notes_de_frais\2026\05_Mai\NDF_DUPONT_6.pdf,https://m365x71797824.sharepoint.com/sites/MigrationFileServer/Finance/Notes_de_frais/2026/05_Mai/NDF_DUPONT_6.pdf,NDF_DUPONT_6.pdf,pdf,1674,Document,Migrated,MIGRATED,,,SRC-57567470,4519feb0-7dcc-df5b-5352-82cb8e80d2fd,1,25897dfa-8472-a7bb-532b-51fc0db5a939,1,9531985d-5d9d-c9f8-1818-e811892f902b,DEMO-SRV01
\\DEMO-SRV01\FileServer\03_Finance\Notes_de_frais\2026\05_Mai\NDF_GARNIER_2.pdf,https://m365x71797824.sharepoint.com/sites/MigrationFileServer/Finance/Notes_de_frais/2026/05_Mai/NDF_GARNIER_2.pdf,NDF_GARNIER_2.pdf,pdf,1675,Document,Migrated,MIGRATED,,,SRC-88306406,375504a5-fccd-7d53-e0dd-06f248e9f659,1,25897dfa-8472-a7bb-532b-51fc0db5a939,1,9531985d-5d9d-c9f8-1818-e811892f902b,DEMO-SRV01
\\DEMO-SRV01\FileServer\03_Finance\Notes_de_frais\2026\05_Mai\NDF_MOREAU_1.pdf,https://m365x71797824.sharepoint.com/sites/MigrationFileServer/Finance/Notes_de_frais/2026/05_Mai/NDF_MOREAU_1.pdf,NDF_MOREAU_1.pdf,pdf,1673,Document,Migrated,MIGRATED,,,SRC-73790444,0593c11a-c5aa-385e-0e91-7e0b4ba62ac2,1,25897dfa-8472-a7bb-532b-51fc0db5a939,1,9531985d-5d9d-c9f8-1818-e811892f902b,DEMO-SRV01
\\DEMO-SRV01\FileServer\03_Finance\Notes_de_frais\2026\06_Juin\NDF_ANDRÉ_2.pdf,https://m365x71797824.sharepoint.com/sites/MigrationFileServer/Finance/Notes_de_frais/2026/06_Juin/NDF_ANDRÉ_2.pdf,NDF_ANDRÉ_2.pdf,pdf,1675,Document,Migrated,MIGRATED,,,SRC-2430840,9b1dda1b-1119-ba30-8d16-c2742897d372,1,25897dfa-8472-a7bb-532b-51fc0db5a939,1,9531985d-5d9d-c9f8-1818-e811892f902b,DEMO-SRV01
\\DEMO-SRV01\FileServer\03_Finance\Notes_de_frais\2026\06_Juin\NDF_FOURNIER_1.pdf,https://m365x71797824.sharepoint.com/sites/MigrationFileServer/Finance/Notes_de_frais/2026/06_Juin/NDF_FOURNIER_1.pdf,NDF_FOURNIER_1.pdf,pdf,1673,Document,Migrated,MIGRATED,,,SRC-20127039,a8603999-70a2-ee42-5916-31cddf0bbe3e,1,25897dfa-8472-a7bb-532b-51fc0db5a939,1,9531985d-5d9d-c9f8-1818-e811892f902b,DEMO-SRV01
\\DEMO-SRV01\FileServer\03_Finance\Notes_de_frais\2026\06_Juin\NDF_MERCIER_4.pdf,https://m365x71797824.sharepoint.com/sites/MigrationFileServer/Finance/Notes_de_frais/2026/06_Juin/NDF_MERCIER_4.pdf,NDF_MERCIER_4.pdf,pdf,1672,Document,Migrated,MIGRATED,,,SRC-99169388,d596a703-634c-9328-8459-d2f40fe0564c,1,25897dfa-8472-a7bb-532b-51fc0db5a939,1,9531985d-5d9d-c9f8-1818-e811892f902b,DEMO-SRV01
\\DEMO-SRV01\FileServer\03_Finance\Notes_de_frais\2026\06_Juin\NDF_ROUX_3.pdf,https://m365x71797824.sharepoint.com/sites/MigrationFileServer/Finance/Notes_de_frais/2026/06_Juin/NDF_ROUX_3.pdf,NDF_ROUX_3.pdf,pdf,1674,Document,Migrated,MIGRATED,,,SRC-39186462,c349dc1a-bc44-06c6-5aa7-2b97709d198a,1,25897dfa-8472-a7bb-532b-51fc0db5a939,1,9531985d-5d9d-c9f8-1818-e811892f902b,DEMO-SRV01
\\DEMO-SRV01\FileServer\03_Finance\Notes_de_frais\2026\07_Juillet\NDF_BLANC_3.pdf,https://m365x71797824.sharepoint.com/sites/MigrationFileServer/Finance/Notes_de_frais/2026/07_Juillet/NDF_BLANC_3.pdf,NDF_BLANC_3.pdf,pdf,1673,Document,Migrated,MIGRATED,,,SRC-36278699,fd43345c-39a4-8c48-855b-9df91bf76e53,1,25897dfa-8472-a7bb-532b-51fc0db5a939,1,9531985d-5d9d-c9f8-1818-e811892f902b,DEMO-SRV01
\\DEMO-SRV01\FileServer\03_Finance\Notes_de_frais\2026\07_Juillet\NDF_BOYER_1.pdf,https://m365x71797824.sharepoint.com/sites/MigrationFileServer/Finance/Notes_de_frais/2026/07_Juillet/NDF_BOYER_1.pdf,NDF_BOYER_1.pdf,pdf,1675,Document,Migrated,MIGRATED,,,SRC-41721534,ef175e5d-bd17-5335-ad7b-13d5f594ff78,1,25897dfa-8472-a7bb-532b-51fc0db5a939,1,9531985d-5d9d-c9f8-1818-e811892f902b,DEMO-SRV01
\\DEMO-SRV01\FileServer\03_Finance\Notes_de_frais\2026\07_Juillet\NDF_DUBOIS_5.pdf,https://m365x71797824.sharepoint.com/sites/MigrationFileServer/Finance/Notes_de_frais/2026/07_Juillet/NDF_DUBOIS_5.pdf,NDF_DUBOIS_5.pdf,pdf,1675,Document,Migrated,MIGRATED,,,SRC-80223896,ab11f5e0-5646-aa7a-6ab0-3eaa278eba6d,1,25897dfa-8472-a7bb-532b-51fc0db5a939,1,9531985d-5d9d-c9f8-1818-e811892f902b,DEMO-SRV01
\\DEMO-SRV01\FileServer\03_Finance\Notes_de_frais\2026\07_Juillet\NDF_ROUX_2.pdf,https://m365x71797824.sharepoint.com/sites/MigrationFileServer/Finance/Notes_de_frais/2026/07_Juillet/NDF_ROUX_2.pdf,NDF_ROUX_2.pdf,pdf,1673,Document,Migrated,MIGRATED,,,SRC-1156899,33d68d17-ace3-57b4-23ec-7c0c5a3a701c,1,25897dfa-8472-a7bb-532b-51fc0db5a939,1,9531985d-5d9d-c9f8-1818-e811892f902b,DEMO-SRV01
\\DEMO-SRV01\FileServer\03_Finance\Notes_de_frais\2026\07_Juillet\NDF_SIMON_4.pdf,https://m365x71797824.sharepoint.com/sites/MigrationFileServer/Finance/Notes_de_frais/2026/07_Juillet/NDF_SIMON_4.pdf,NDF_SIMON_4.pdf,pdf,1673,Document,Migrated,MIGRATED,,,SRC-29008462,46d8ec2e-d999-1d0c-9c5a-8a4f9dc59da0,1,25897dfa-8472-a7bb-532b-51fc0db5a939,1,9531985d-5d9d-c9f8-1818-e811892f902b,DEMO-SRV01
\\DEMO-SRV01\FileServer\03_Finance\Notes_de_frais\2026\08_Aout\NDF_BLANC_1.pdf,https://m365x71797824.sharepoint.com/sites/MigrationFileServer/Finance/Notes_de_frais/2026/08_Aout/NDF_BLANC_1.pdf,NDF_BLANC_1.pdf,pdf,1672,Document,Migrated,MIGRATED,,,SRC-78461519,18554f8c-848c-7bcc-d6c6-7dc3d239bf0b,1,25897dfa-8472-a7bb-532b-51fc0db5a939,1,9531985d-5d9d-c9f8-1818-e811892f902b,DEMO-SRV01
\\DEMO-SRV01\FileServer\03_Finance\Notes_de_frais\2026\08_Aout\NDF_BLANC_7.pdf,https://m365x71797824.sharepoint.com/sites/MigrationFileServer/Finance/Notes_de_frais/2026/08_Aout/NDF_BLANC_7.pdf,NDF_BLANC_7.pdf,pdf,1674,Document,Migrated,MIGRATED,,,SRC-36687889,ec0aa471-be47-874d-db34-0bb0bd1fcf12,1,25897dfa-8472-a7bb-532b-51fc0db5a939,1,9531985d-5d9d-c9f8-1818-e811892f902b,DEMO-SRV01
\\DEMO-SRV01\FileServer\03_Finance\Notes_de_frais\2026\08_Aout\NDF_DUBOIS_6.pdf,https://m365x71797824.sharepoint.com/sites/MigrationFileServer/Finance/Notes_de_frais/2026/08_Aout/NDF_DUBOIS_6.pdf,NDF_DUBOIS_6.pdf,pdf,1677,Document,Migrated,MIGRATED,,,SRC-50759744,44c862cf-79a9-398b-fedf-9a7dc27b5104,2,25897dfa-8472-a7bb-532b-51fc0db5a939,1,9531985d-5d9d-c9f8-1818-e811892f902b,DEMO-SRV01
\\DEMO-SRV01\FileServer\03_Finance\Notes_de_frais\2026\08_Aout\NDF_FAURE_3.pdf,https://m365x71797824.sharepoint.com/sites/MigrationFileServer/Finance/Notes_de_frais/2026/08_Aout/NDF_FAURE_3.pdf,NDF_FAURE_3.pdf,pdf,1673,Document,Migrated,MIGRATED,,,SRC-53301209,a1d38cb8-b563-aa56-a173-70f4c8f1f9c1,2,25897dfa-8472-a7bb-532b-51fc0db5a939,1,9531985d-5d9d-c9f8-1818-e811892f902b,DEMO-SRV01
\\DEMO-SRV01\FileServer\03_Finance\Notes_de_frais\2026\08_Aout\NDF_GARNIER_4.pdf,https://m365x71797824.sharepoint.com/sites/MigrationFileServer/Finance/Notes_de_frais/2026/08_Aout/NDF_GARNIER_4.pdf,NDF_GARNIER_4.pdf,pdf,1675,Document,Migrated,MIGRATED,,,SRC-88181920,69bc9550-2094-f08f-b418-b27aea2a15ed,2,25897dfa-8472-a7bb-532b-51fc0db5a939,1,9531985d-5d9d-c9f8-1818-e811892f902b,DEMO-SRV01
\\DEMO-SRV01\FileServer\03_Finance\Notes_de_frais\2026\08_Aout\NDF_LEROY_5.pdf,https://m365x71797824.sharepoint.com/sites/MigrationFileServer/Finance/Notes_de_frais/2026/08_Aout/NDF_LEROY_5.pdf,NDF_LEROY_5.pdf,pdf,1673,Document,Migrated,MIGRATED,,,SRC-86922092,69112487-011b-5d7d-1a75-92a5deee7382,2,25897dfa-8472-a7bb-532b-51fc0db5a939,1,9531985d-5d9d-c9f8-1818-e811892f902b,DEMO-SRV01
\\DEMO-SRV01\FileServer\03_Finance\Notes_de_frais\2026\08_Aout\NDF_ROUX_2.pdf,https://m365x71797824.sharepoint.com/sites/MigrationFileServer/Finance/Notes_de_frais/2026/08_Aout/NDF_ROUX_2.pdf,NDF_ROUX_2.pdf,pdf,1672,Document,Migrated,MIGRATED,,,SRC-31578708,1e110eb0-95f9-40ff-8cc9-48e7c4036eab,2,25897dfa-8472-a7bb-532b-51fc0db5a939,1,9531985d-5d9d-c9f8-1818-e811892f902b,DEMO-SRV01
